document_id,set,question,answer1,answer2,question_tokenized,answer1_tokenized,answer2_tokenized
0f849890e27fd05b9a8683d111f489515db72ea4,train,Who made Zeus send down a lightning bolt?,Hera.,Hera.,Who made Zeus send down a lightning bolt ?,Hera .,Hera .
0f849890e27fd05b9a8683d111f489515db72ea4,train,Where do the women go to see Dionysus' rituals?,The mountains.,the mountains,Where do the women go to see Dionysus ' rituals ?,The mountains .,the mountains
0f849890e27fd05b9a8683d111f489515db72ea4,train,What does Pentheus' suggest he disguise himself as to avoid detection?,A female Maenad.,A Maenad female,What does Pentheus ' suggest he disguise himself as to avoid detection ?,A female Maenad .,A Maenad female
0f849890e27fd05b9a8683d111f489515db72ea4,train,Who is the current king grandson of?,Cadmus.,Cadmus',Who is the current king grandson of ?,Cadmus .,Cadmus '
0f849890e27fd05b9a8683d111f489515db72ea4,train,What licked the women clean?,Snakes.,snakes,What licked the women clean ?,Snakes .,snakes
0f849890e27fd05b9a8683d111f489515db72ea4,train,Who is the former king of Thebes?,Cadmus.,Cadmus,Who is the former king of Thebes ?,Cadmus .,Cadmus
0f849890e27fd05b9a8683d111f489515db72ea4,train,What is Pentheus disgusted by?,Two men dressed in festival dress.,two men dressed in festival dress,What is Pentheus disgusted by ?,Two men dressed in festival dress .,two men dressed in festival dress
0f849890e27fd05b9a8683d111f489515db72ea4,train,Whose head does Agave believe she is carrying?,A mountain lion's head.,A mountain lion's.,Whose head does Agave believe she is carrying ?,A mountain lion s head .,A mountain lion s .
0f849890e27fd05b9a8683d111f489515db72ea4,train,Who dresses Pentheus as a woman?,Dionysus.,Dionysus,Who dresses Pentheus as a woman ?,Dionysus .,Dionysus
0f849890e27fd05b9a8683d111f489515db72ea4,train,Who does Pentheus want arrested?,Anyone engaging in Dionysian worship.,Anyone engaging in Dionysian worship,Who does Pentheus want arrested ?,Anyone engaging in Dionysian worship .,Anyone engaging in Dionysian worship
0f849890e27fd05b9a8683d111f489515db72ea4,train,What kind of birth did Semele give?,A premature birth ,Premature.,What kind of birth did Semele give ?,A premature birth,Premature .
0f849890e27fd05b9a8683d111f489515db72ea4,train,What does Semele's sisters say is the cause for Zeus's lightening bolt sent to strike Semele?,Her relationship with a mortal that left her pregnant,As a punishment for the lie.,What does Semele s sisters say is the cause for Zeus s lightening bolt sent to strike Semele ?,Her relationship with a mortal that left her pregnant,As a punishment for the lie .
0f849890e27fd05b9a8683d111f489515db72ea4,train,"Who, in the initial story Dionysus tells, commands Zeus sends a lightening bolt on Semele?",Hera,Hera,"Who , in the initial story Dionysus tells , commands Zeus sends a lightening bolt on Semele ?",Hera,Hera
0f849890e27fd05b9a8683d111f489515db72ea4,train,"What is Pentheus original plan, which Dionysus dissuades him of?",Defeat and kill women with an armed force,defeat and massacre the women with an armed force,"What is Pentheus original plan , which Dionysus dissuades him of ?",Defeat and kill women with an armed force,defeat and massacre the women with an armed force
0f849890e27fd05b9a8683d111f489515db72ea4,train,What does Pentheus disguise himself as?,A female Maenad.,A woman.,What does Pentheus disguise himself as ?,A female Maenad .,A woman .
0f849890e27fd05b9a8683d111f489515db72ea4,train,What does Dionysus give Pentheus after disguising him as a woman and sending him on his way?,Thyrsus and fawn skin,Thysus and fawn skins,What does Dionysus give Pentheus after disguising him as a woman and sending him on his way ?,Thyrsus and fawn skin,Thysus and fawn skins
0f849890e27fd05b9a8683d111f489515db72ea4,train,What does Agave first believe the head the messenger brings back to her is?,the head of a mountain lion,mountain lion,What does Agave first believe the head the messenger brings back to her is ?,the head of a mountain lion,mountain lion
0f849890e27fd05b9a8683d111f489515db72ea4,train,Who killed Pentheus?,The Maenads,Agave and the Maenads,Who killed Pentheus ?,The Maenads,Agave and the Maenads
0f849890e27fd05b9a8683d111f489515db72ea4,train,Cadmus and Harmonia are fated to be turned into what creature?,Snakes,snakes,Cadmus and Harmonia are fated to be turned into what creature ?,Snakes,snakes
0f849890e27fd05b9a8683d111f489515db72ea4,train,What is the name of the city in which Cadmus and Harmonia will lead a barbarian horde?,Hellas,Hellas,What is the name of the city in which Cadmus and Harmonia will lead a barbarian horde ?,Hellas,Hellas
0f849890e27fd05b9a8683d111f489515db72ea4,train,How was Semele killed?,Zeus sent down a lightening bolt.,lighting bolt,How was Semele killed ?,Zeus sent down a lightening bolt .,lighting bolt
0f849890e27fd05b9a8683d111f489515db72ea4,train,Why did Zeus strike Semele with the lightening bolt?,For lying about who impregnated her.,"Either Hera told him to, or it was a punishment.",Why did Zeus strike Semele with the lightening bolt ?,For lying about who impregnated her .,"Either Hera told him to , or it was a punishment ."
0f849890e27fd05b9a8683d111f489515db72ea4,train,How does Dionysus plan to vindicate his mother?,By appearing before Thebes as the son of Zeus.,By appearing as a God.,How does Dionysus plan to vindicate his mother ?,By appearing before Thebes as the son of Zeus .,By appearing as a God .
0f849890e27fd05b9a8683d111f489515db72ea4,train,Why was Pentheus disguised as a female Maenad?,To defeat and kill the women.,To spy on the women ,Why was Pentheus disguised as a female Maenad ?,To defeat and kill the women .,To spy on the women
0f849890e27fd05b9a8683d111f489515db72ea4,train,"While on Mount Cithaeron, what does Dionysus do to defeat Pentheus?",He reveals that Pentheus is in disguise.,He revealed himself.,"While on Mount Cithaeron , what does Dionysus do to defeat Pentheus ?",He reveals that Pentheus is in disguise .,He revealed himself .
0f849890e27fd05b9a8683d111f489515db72ea4,train,What happens to Pentheus once he is discovered by the Maenads?,They rip him to shreds.,He was torn to pieces.,What happens to Pentheus once he is discovered by the Maenads ?,They rip him to shreds .,He was torn to pieces .
0f849890e27fd05b9a8683d111f489515db72ea4,train,What does Agave reveal to Cadmus?,Her son's head.,Her son's head.,What does Agave reveal to Cadmus ?,Her son s head .,Her son s head .
0f849890e27fd05b9a8683d111f489515db72ea4,train,Who is Agave and Cadmus' son?,Pentheus,Pentheus,Who is Agave and Cadmus ' son ?,Pentheus,Pentheus
0f849890e27fd05b9a8683d111f489515db72ea4,train,"After Pentheus is killed, what happens to Agave and her sisters?",They are sent into exile.,They are exiled,"After Pentheus is killed , what happens to Agave and her sisters ?",They are sent into exile .,They are exiled
40a0872b40344eac6dfdc73e7bbb984e5ac49bac,train,What kind of animal does the Wizard change Cap'n Bill and Trot into?,Honeybees,honeybees,What kind of animal does the Wizard change Cap'n Bill and Trot into ?,Honeybees,honeybees
40a0872b40344eac6dfdc73e7bbb984e5ac49bac,train,What are Cap'n Bill and Trot looking for as a gift for Ozma?,A Magic Flower,A magic island.,What are Cap'n Bill and Trot looking for as a gift for Ozma ?,A Magic Flower,A magic island .
40a0872b40344eac6dfdc73e7bbb984e5ac49bac,train,Why are the Nomes afraid of eggs?,Eggs are poisonous to Nomes,The eggs are deadly poison ,Why are the Nomes afraid of eggs ?,Eggs are poisonous to Nomes,The eggs are deadly poison
40a0872b40344eac6dfdc73e7bbb984e5ac49bac,train,"Where does Bini hide the instructions for how to pronounce ""Pyrzqxgl""?",In his laboratory,His magical laboratory.,Where does Bini hide the instructions for how to pronounce Pyrzqxgl ?,In his laboratory,His magical laboratory .
40a0872b40344eac6dfdc73e7bbb984e5ac49bac,train,Who are the two exceptions to Princess Ozma's rule that forbids magic?,Glinda the Good Witch and the Wizard of Oz,Galinda the Good and the Wizard of Oz,Who are the two exceptions to Princess Ozma s rule that forbids magic ?,Glinda the Good Witch and the Wizard of Oz,Galinda the Good and the Wizard of Oz
40a0872b40344eac6dfdc73e7bbb984e5ac49bac,train,What is the first bird Kiki Aru transforms into?,A Hawk,A hawk. ,What is the first bird Kiki Aru transforms into ?,A Hawk,A hawk .
40a0872b40344eac6dfdc73e7bbb984e5ac49bac,train,Why does Kiki Aru change into a magpie?,To steal a piece of gold,To steal a piece of gold. ,Why does Kiki Aru change into a magpie ?,To steal a piece of gold,To steal a piece of gold .
40a0872b40344eac6dfdc73e7bbb984e5ac49bac,train,What animal does Kiki Aru transform the Wizard into?,A Fox,a fox,What animal does Kiki Aru transform the Wizard into ?,A Fox,a fox
40a0872b40344eac6dfdc73e7bbb984e5ac49bac,train,What must Kiki Aru and Ruggedo drink to make them forget all they have ever known?,The Water of Oblivion,Water of Oblivion,What must Kiki Aru and Ruggedo drink to make them forget all they have ever known ?,The Water of Oblivion,Water of Oblivion
40a0872b40344eac6dfdc73e7bbb984e5ac49bac,train,Which land does not use money?,The Land of Oz,Oz,Which land does not use money ?,The Land of Oz,Oz
40a0872b40344eac6dfdc73e7bbb984e5ac49bac,train,What are names of two main characters?,Kiki Aru and Ruggedo,Kiki and Ruggedo,What are names of two main characters ?,Kiki Aru and Ruggedo,Kiki and Ruggedo
40a0872b40344eac6dfdc73e7bbb984e5ac49bac,train,"What was Ruggedo, fear about eggs?",Eggs are deadly poison to a Nome.,they are fatal to nomes,"What was Ruggedo , fear about eggs ?",Eggs are deadly poison to a Nome .,they are fatal to nomes
40a0872b40344eac6dfdc73e7bbb984e5ac49bac,train,What was wrong with the sailor and his friend when Dorothy and he Wizard arrived?,They had taken root in the island?,"they are ""planted"" on the island",What was wrong with the sailor and his friend when Dorothy and he Wizard arrived ?,They had taken root in the island ?,they are planted on the island
40a0872b40344eac6dfdc73e7bbb984e5ac49bac,train,What city did the Wizard come from?,Emerald City,The Emerald City,What city did the Wizard come from ?,Emerald City,The Emerald City
40a0872b40344eac6dfdc73e7bbb984e5ac49bac,train,Who did Ruggedo want revenge on?,People of Oz,the people of Oz,Who did Ruggedo want revenge on ?,People of Oz,the people of Oz
40a0872b40344eac6dfdc73e7bbb984e5ac49bac,train,What did the Wizard make Ruggedo and Kiki drink as punishment?,Water of Oblivion,Water of Oblivion ,What did the Wizard make Ruggedo and Kiki drink as punishment ?,Water of Oblivion,Water of Oblivion
40a0872b40344eac6dfdc73e7bbb984e5ac49bac,train,What effects did the Water of Oblivion have on Kiki and Ruggedo?,Made them forget everything they ever knew,It makes them forget everything.,What effects did the Water of Oblivion have on Kiki and Ruggedo ?,Made them forget everything they ever knew,It makes them forget everything .
40a0872b40344eac6dfdc73e7bbb984e5ac49bac,train,A Li-Mon-Eag has the body of a what?,Monkey,monkey,A Li-Mon-Eag has the body of a what ?,Monkey,monkey
40a0872b40344eac6dfdc73e7bbb984e5ac49bac,train,Who is Bini Aru?,Kiki's father,a munchkin,Who is Bini Aru ?,Kiki s father,a munchkin
40a0872b40344eac6dfdc73e7bbb984e5ac49bac,train,What had the monkeys been turned into?,Soldiers,giant human soldiers,What had the monkeys been turned into ?,Soldiers,giant human soldiers
40a0872b40344eac6dfdc73e7bbb984e5ac49bac,train,"What does saying the word ""pyrzqxgl"" do?",transforms people and objects,Transforms people and object. ,What does saying the word pyrzqxgl do ?,transforms people and objects,Transforms people and object .
40a0872b40344eac6dfdc73e7bbb984e5ac49bac,train,Who declared that no one could practice magic except for Glinda and the Wizard?,Princess Ozma,Princess Ozma,Who declared that no one could practice magic except for Glinda and the Wizard ?,Princess Ozma,Princess Ozma
40a0872b40344eac6dfdc73e7bbb984e5ac49bac,train,Why is Kiki Aru surprised he needs money to get a room?,Oz does not use money.,Money isn't used in OZ. ,Why is Kiki Aru surprised he needs money to get a room ?,Oz does not use money .,Money is n't used in OZ .
40a0872b40344eac6dfdc73e7bbb984e5ac49bac,train,Who confronts Kiki Aru about the theft of the old man's gold?,a sparrow,A sparrow.,Who confronts Kiki Aru about the theft of the old man s gold ?,a sparrow,A sparrow .
40a0872b40344eac6dfdc73e7bbb984e5ac49bac,train,What is a Li-Mon-Eag?,"a animal with the head of a lion, body of a monkey, and wings of an eagle","fictional creatures with head of lions, bodies of monkeys, wings of eagles, and tales of Donkeys",What is a Li-Mon-Eag ?,"a animal with the head of a lion , body of a monkey , and wings of an eagle","fictional creatures with head of lions , bodies of monkeys , wings of eagles , and tales of Donkeys"
40a0872b40344eac6dfdc73e7bbb984e5ac49bac,train,What is deadly poison to a nome?,eggs,eggs,What is deadly poison to a nome ?,eggs,eggs
40a0872b40344eac6dfdc73e7bbb984e5ac49bac,train,What does Kiki Aru transform the Wizard into?,a fox,fox,What does Kiki Aru transform the Wizard into ?,a fox,fox
40a0872b40344eac6dfdc73e7bbb984e5ac49bac,train,How does Cap'n Bill retrieve the flower?,He straps a wooden plank to his good leg so that he is walking on wood with both legs.,By wearing a wooden plank on his good leg.,How does Cap'n Bill retrieve the flower ?,He straps a wooden plank to his good leg so that he is walking on wood with both legs .,By wearing a wooden plank on his good leg .
40a0872b40344eac6dfdc73e7bbb984e5ac49bac,train,What does the Water of Oblivion do if you drink it?,makes you forget everything you have ever known,forget,What does the Water of Oblivion do if you drink it ?,makes you forget everything you have ever known,forget
40a0872b40344eac6dfdc73e7bbb984e5ac49bac,train,Whose birthday do they celebrate in the story?,Ozma's,Ozma,Whose birthday do they celebrate in the story ?,Ozma s,Ozma
44c8278a7dc6f876636f0979bb645cf98ae1df0f,train,What is built before one of the clan's offspring visits?,A lush landscaped garden,a garden,What is built before one of the clan s offspring visits ?,A lush landscaped garden,a garden
44c8278a7dc6f876636f0979bb645cf98ae1df0f,train,What clan does both the Rongguo and Nongguo Houses belong to?,The Jia clan,Both Rongguo and Nongguo Houses belong to the Jia clan.,What clan does both the Rongguo and Nongguo Houses belong to ?,The Jia clan,Both Rongguo and Nongguo Houses belong to the Jia clan .
44c8278a7dc6f876636f0979bb645cf98ae1df0f,train,Who is most likely to blame for the Jia clan's mansions being raided and confiscated?,The Emperor,The Emperor,Who is most likely to blame for the Jia clan s mansions being raided and confiscated ?,The Emperor,The Emperor
44c8278a7dc6f876636f0979bb645cf98ae1df0f,train,Which goddess mended the heavens?,Nuwa,Nuwa,Which goddess mended the heavens ?,Nuwa,Nuwa
44c8278a7dc6f876636f0979bb645cf98ae1df0f,train,What are the monk and priest begged to bring with them on their quest to see the world?,A sentient Stone,A sentiient stone,What are the monk and priest begged to bring with them on their quest to see the world ?,A sentient Stone,A sentiient stone
44c8278a7dc6f876636f0979bb645cf98ae1df0f,train,What enters the mortal realm?,The Stone,A sentient Stone enters the mortal realm.,What enters the mortal realm ?,The Stone,A sentient Stone enters the mortal realm .
44c8278a7dc6f876636f0979bb645cf98ae1df0f,train,What was Jia Baoyu born with in his mouth?,A magical piece of jade,A Magical piece of Jade in his mouth.,What was Jia Baoyu born with in his mouth ?,A magical piece of jade,A Magical piece of Jade in his mouth .
44c8278a7dc6f876636f0979bb645cf98ae1df0f,train,With whom does Jia Baoyu have a special bond with?,Lin Daiyu,Lin Diayu ,With whom does Jia Baoyu have a special bond with ?,Lin Daiyu,Lin Diayu
44c8278a7dc6f876636f0979bb645cf98ae1df0f,train,Who is supposed to marry Xue Baochai?,Jia Baoyu,Jia Baoyu,Who is supposed to marry Xue Baochai ?,Jia Baoyu,Jia Baoyu
44c8278a7dc6f876636f0979bb645cf98ae1df0f,train,What two families are emphasized in the story?,The Rongguo House and Ningguo House families.,The Ronggu house and the Ningguo house,What two families are emphasized in the story ?,The Rongguo House and Ningguo House families .,The Ronggu house and the Ningguo house
44c8278a7dc6f876636f0979bb645cf98ae1df0f,train,What clan do the Rongguo House and Ningguo house belong to?,The jia clan.,aristicratic Jia,What clan do the Rongguo House and Ningguo house belong to ?,The jia clan .,aristicratic Jia
44c8278a7dc6f876636f0979bb645cf98ae1df0f,train,What was built to receive the visit from the Royal Consort?,"A lush, landscaped garden.",A landscaped garden ,What was built to receive the visit from the Royal Consort ?,"A lush , landscaped garden .",A landscaped garden
44c8278a7dc6f876636f0979bb645cf98ae1df0f,train,What goddess abandoned the sentient Stone?,The goddess Nuwa.,Nuwa,What goddess abandoned the sentient Stone ?,The goddess Nuwa .,Nuwa
44c8278a7dc6f876636f0979bb645cf98ae1df0f,train,What clan fell into disfavor with the Emperor?,The jia clan,the Jia clan,What clan fell into disfavor with the Emperor ?,The jia clan,the Jia clan
44c8278a7dc6f876636f0979bb645cf98ae1df0f,train,With whom did the sentient Stone travel?,A Taoist priest and Buddhist monk.,A Taoist Priest and Buddhist Monk,With whom did the sentient Stone travel ?,A Taoist priest and Buddhist monk .,A Taoist Priest and Buddhist Monk
44c8278a7dc6f876636f0979bb645cf98ae1df0f,train,Who is the main character of this story?,Jia Baoyu.,Jia Baoyu,Who is the main character of this story ?,Jia Baoyu .,Jia Baoyu
44c8278a7dc6f876636f0979bb645cf98ae1df0f,train,Whom is Jia Baoyu predestined to marry?,His cousin Xue Baochai.,Xue Baochai,Whom is Jia Baoyu predestined to marry ?,His cousin Xue Baochai .,Xue Baochai
44c8278a7dc6f876636f0979bb645cf98ae1df0f,train,What interests do Jia and Lin share?,A love of  music and poetry.,music and poetry,What interests do Jia and Lin share ?,A love of music and poetry .,music and poetry
44c8278a7dc6f876636f0979bb645cf98ae1df0f,train,Who abandoned the Stone?,Nuwa,the goddess Nuwa,Who abandoned the Stone ?,Nuwa,the goddess Nuwa
44c8278a7dc6f876636f0979bb645cf98ae1df0f,train,What was Jia Baoyu born with?,a jade stone in his mouth,Jia Bayou is born with a magical piece of Jade in his mouth.,What was Jia Baoyu born with ?,a jade stone in his mouth,Jia Bayou is born with a magical piece of Jade in his mouth .
44c8278a7dc6f876636f0979bb645cf98ae1df0f,train,Which family member does Jia Baoyu share a special bond with?,Cousin Lin,Lin Daiyu,Which family member does Jia Baoyu share a special bond with ?,Cousin Lin,Lin Daiyu
44c8278a7dc6f876636f0979bb645cf98ae1df0f,train,Who is Jia Baoyu supposed to marry?,"his cousin, Xue",Lin Daiyu,Who is Jia Baoyu supposed to marry ?,"his cousin , Xue",Lin Daiyu
44c8278a7dc6f876636f0979bb645cf98ae1df0f,train,What characteristics make Xue the ideal woman?,grace and intelligence,Her grace and intelligence ,What characteristics make Xue the ideal woman ?,grace and intelligence,Her grace and intelligence
44c8278a7dc6f876636f0979bb645cf98ae1df0f,train,Around how many minor characters are there?,four hundred,There are around 400 minor characters in the story.,Around how many minor characters are there ?,four hundred,There are around 400 minor characters in the story .
44c8278a7dc6f876636f0979bb645cf98ae1df0f,train,What happens when the Jias fall from the Emperor's favor?,Their mansions are raided and taken,Their mansions was taken from them.,What happens when the Jias fall from the Emperor s favor ?,Their mansions are raided and taken,Their mansions was taken from them .
44c8278a7dc6f876636f0979bb645cf98ae1df0f,train,What was the person who abandoned the stone doing when they abandoned it?,mending the heavens,The goddess  was  mending heaven,What was the person who abandoned the stone doing when they abandoned it ?,mending the heavens,The goddess was mending heaven
4804e3cb47efb800824d8afa23196cdcb0ffca11,train,Why does Apollo leave Admetus' palace?,Because Alcestis is about to die and he doesn't want to be stained by the event.,to avoid being stained by the death of Aclestis,Why does Apollo leave Admetus ' palace ?,Because Alcestis is about to die and he does n't want to be stained by the event .,to avoid being stained by the death of Aclestis
4804e3cb47efb800824d8afa23196cdcb0ffca11,train,"What is the mythical name of Death, according to the story?",Thanatos,Thanatos,"What is the mythical name of Death , according to the story ?",Thanatos,Thanatos
4804e3cb47efb800824d8afa23196cdcb0ffca11,train,"Why is the chorus in ""a state of suspense""?",Because they don't know whether Alcestis has died or not.,They don't know whether the queen is dead.,Why is the chorus in a state of suspense ?,Because they do n't know whether Alcestis has died or not .,They do n't know whether the queen is dead .
4804e3cb47efb800824d8afa23196cdcb0ffca11,train,What does Alcestis request of Admetus in return for her sacrifice?,That he will not marry another woman to take her place or ever forget her.,"For him not to remarry, forget her, or have a stepmother raise her children.",What does Alcestis request of Admetus in return for her sacrifice ?,That he will not marry another woman to take her place or ever forget her .,"For him not to remarry , forget her , or have a stepmother raise her children ."
4804e3cb47efb800824d8afa23196cdcb0ffca11,train,What does Admetus promise to do for Alcestis besides the things she requests?,He promises to live a life of solemnity and to never again partake in merrymaking.,Lead a solemn life and no merry-making.,What does Admetus promise to do for Alcestis besides the things she requests ?,He promises to live a life of solemnity and to never again partake in merrymaking .,Lead a solemn life and no merry-making .
4804e3cb47efb800824d8afa23196cdcb0ffca11,train,What is the name of Admetus's old friend who comes just after Alcestis' death?,Heracles,Heracules,What is the name of Admetus s old friend who comes just after Alcestis ' death ?,Heracles,Heracules
4804e3cb47efb800824d8afa23196cdcb0ffca11,train,How does Heracles help Admetus to break his promise to Alcestis?,He gets drunk and starts to make merry.,by merrymaking,How does Heracles help Admetus to break his promise to Alcestis ?,He gets drunk and starts to make merry .,by merrymaking
4804e3cb47efb800824d8afa23196cdcb0ffca11,train,What is Heracles' prize for defeating Death in a competition?,Bringing Alcestis back from the dead.,Alcestis is brought back to life,What is Heracles ' prize for defeating Death in a competition ?,Bringing Alcestis back from the dead .,Alcestis is brought back to life
4804e3cb47efb800824d8afa23196cdcb0ffca11,train,What does Alcestis have to do to be purified from being dead?,She can't speak for three whole days.,Not speak for three days.,What does Alcestis have to do to be purified from being dead ?,She ca n't speak for three whole days .,Not speak for three days .
4804e3cb47efb800824d8afa23196cdcb0ffca11,train,Who's prophesy did Heracles fulfil by rescuing Alcestis from Death?,Apollo's,Apollo.,Who s prophesy did Heracles fulfil by rescuing Alcestis from Death ?,Apollo s,Apollo .
4804e3cb47efb800824d8afa23196cdcb0ffca11,train,What is the title of Alcestis by her marriage to Admetus?,Queen,queen,What is the title of Alcestis by her marriage to Admetus ?,Queen,queen
4804e3cb47efb800824d8afa23196cdcb0ffca11,train,Why did Hercles decide to fight Thanatos for Alcestis?,Hercles was embarrased by his ignorance of Alcestis's death.,He is embarrassed.,Why did Hercles decide to fight Thanatos for Alcestis ?,Hercles was embarrased by his ignorance of Alcestis s death .,He is embarrassed .
4804e3cb47efb800824d8afa23196cdcb0ffca11,train,What did Alcestis make her husband promise at her death bed?,"never marry again, don't forget her, don't let stepmother be in charge of her children","Never to remarry, nor forget about her, nor place a stepmother in charge of their children.",What did Alcestis make her husband promise at her death bed ?,"never marry again , do n't forget her , do n't let stepmother be in charge of her children","Never to remarry , nor forget about her , nor place a stepmother in charge of their children ."
4804e3cb47efb800824d8afa23196cdcb0ffca11,train,How did coryphaeus find out about how Alcestis's is doing?,maidservant told coryphaeus.,a maidservant tells them,How did coryphaeus find out about how Alcestis s is doing ?,maidservant told coryphaeus .,a maidservant tells them
4804e3cb47efb800824d8afa23196cdcb0ffca11,train,Which god avoided becoming stained by death of Alcestis by leaving Admetus's palace?,Apollo,Apollo ,Which god avoided becoming stained by death of Alcestis by leaving Admetus s palace ?,Apollo,Apollo
4804e3cb47efb800824d8afa23196cdcb0ffca11,train,Who put up a defense for Alcestis to Thanatos?,Apollo,The god Apollo,Who put up a defense for Alcestis to Thanatos ?,Apollo,The god Apollo
4804e3cb47efb800824d8afa23196cdcb0ffca11,train,Who leads chorus of 15 men of Pherae?,coryphaeus,the chorus leader,Who leads chorus of 15 men of Pherae ?,coryphaeus,the chorus leader
4804e3cb47efb800824d8afa23196cdcb0ffca11,train,Who predicts arrival of a man who will rescue Alcestis from her death?,Apollo,Apollo,Who predicts arrival of a man who will rescue Alcestis from her death ?,Apollo,Apollo
4804e3cb47efb800824d8afa23196cdcb0ffca11,train,Why Thanatos is angry with Apollo when they meet at Admetus's palace?,Apollo saved Admetus from death that is Thanatos.,For killing Alcestis.,Why Thanatos is angry with Apollo when they meet at Admetus s palace ?,Apollo saved Admetus from death that is Thanatos .,For killing Alcestis .
4804e3cb47efb800824d8afa23196cdcb0ffca11,train,Who proclaims Apollo is a god of many words after encountering him at Admetus's palace?,Thanatos,Thanatos.,Who proclaims Apollo is a god of many words after encountering him at Admetus s palace ?,Thanatos,Thanatos .
4804e3cb47efb800824d8afa23196cdcb0ffca11,train,"The character, Admetus, who is his old friend?",Heracles,Heracles,"The character , Admetus , who is his old friend ?",Heracles,Heracles
4804e3cb47efb800824d8afa23196cdcb0ffca11,train,Death is dressed in black. His name is whom?,Thanatos. ,Thanatos ,Death is dressed in black . His name is whom ?,Thanatos .,Thanatos
4804e3cb47efb800824d8afa23196cdcb0ffca11,train,Alcestis asks what of Admetus?,To not remarry. ,that he never remarry,Alcestis asks what of Admetus ?,To not remarry .,that he never remarry
4804e3cb47efb800824d8afa23196cdcb0ffca11,train,"Complete the line: ""When goodness dies,"" what also happens?","""Good men suffer too.""","""all good men suffer, too.""","Complete the line : When goodness dies , what also happens ?",Good men suffer too .,"all good men suffer , too ."
4804e3cb47efb800824d8afa23196cdcb0ffca11,train,Name the main god in the story's prologue?,Apollo. ,Admetus,Name the main god in the story s prologue ?,Apollo .,Admetus
4804e3cb47efb800824d8afa23196cdcb0ffca11,train,What item does the god Apollo carry?,A golden bow.,His golden bow ,What item does the god Apollo carry ?,A golden bow .,His golden bow
4804e3cb47efb800824d8afa23196cdcb0ffca11,train,Who defeats Apollo?,Thanatos. ,Thanatos.,Who defeats Apollo ?,Thanatos .,Thanatos .
4804e3cb47efb800824d8afa23196cdcb0ffca11,train,What emotion does Heracles experience?,Embarassment. ,Embarrassment.,What emotion does Heracles experience ?,Embarassment .,Embarrassment .
4804e3cb47efb800824d8afa23196cdcb0ffca11,train,How does Admetus break his promise to his wife?,He does not refrain from merrymaking. ,He has a party.,How does Admetus break his promise to his wife ?,He does not refrain from merrymaking .,He has a party .
7caf2f44d1a9e5ff56df26563d3b96ae3d0200c6,valid,What style of narrative is used in the story? ,First Person.,First person narration.,What style of narrative is used in the story ?,First Person .,First person narration .
7caf2f44d1a9e5ff56df26563d3b96ae3d0200c6,valid,Which character is the narrator for the majority of the stories?,Watson. ,Dr. WAtson,Which character is the narrator for the majority of the stories ?,Watson .,Dr. WAtson
7caf2f44d1a9e5ff56df26563d3b96ae3d0200c6,valid,For what reason did the Soviet Union Ban the stoy? ,They alleged it contained occultism. ,occultism,For what reason did the Soviet Union Ban the stoy ?,They alleged it contained occultism .,occultism
7caf2f44d1a9e5ff56df26563d3b96ae3d0200c6,valid,Name the major theme used in The Adventures of Sherlock Holmes?,Social Injustice ,The pointing out of social injustices.,Name the major theme used in The Adventures of Sherlock Holmes ?,Social Injustice,The pointing out of social injustices .
7caf2f44d1a9e5ff56df26563d3b96ae3d0200c6,valid,What was Watson's professional title?,Dr. ,Doctor,What was Watson s professional title ?,Dr .,Doctor
7caf2f44d1a9e5ff56df26563d3b96ae3d0200c6,valid,What was Holmes first name?,Sherlock.,Sherlock,What was Holmes first name ?,Sherlock .,Sherlock
7caf2f44d1a9e5ff56df26563d3b96ae3d0200c6,valid,Where did the majority of the story occur?,London.,The Strand Magazine,Where did the majority of the story occur ?,London .,The Strand Magazine
7caf2f44d1a9e5ff56df26563d3b96ae3d0200c6,valid,How would Classify the kind of character Holmes was?,Protagonist.,fresh and fair,How would Classify the kind of character Holmes was ?,Protagonist .,fresh and fair
7caf2f44d1a9e5ff56df26563d3b96ae3d0200c6,valid,Who's viewpoint is all but four of the storys told from?,Dr. Watson,Dr. Watson,Who s viewpoint is all but four of the storys told from ?,Dr. Watson,Dr. Watson
7caf2f44d1a9e5ff56df26563d3b96ae3d0200c6,valid,Why did the Soviet Union ban the collection of stories?,Because of alleged occultism,the stories contained occultism,Why did the Soviet Union ban the collection of stories ?,Because of alleged occultism,the stories contained occultism
7caf2f44d1a9e5ff56df26563d3b96ae3d0200c6,valid,When was the ban restriction on the collection of stories lifted?,1940,in 1940,When was the ban restriction on the collection of stories lifted ?,1940,in 1940
7caf2f44d1a9e5ff56df26563d3b96ae3d0200c6,valid,What Dictionary shows that these stories point out the social injustices of the time?,The Oxford Dictionary of National Biography,The Oxford Dictionary of National Biography,What Dictionary shows that these stories point out the social injustices of the time ?,The Oxford Dictionary of National Biography,The Oxford Dictionary of National Biography
7caf2f44d1a9e5ff56df26563d3b96ae3d0200c6,valid,Where was the collection of stories popular even with the Soviet ban?,The black market,On the black market.,Where was the collection of stories popular even with the Soviet ban ?,The black market,On the black market .
7caf2f44d1a9e5ff56df26563d3b96ae3d0200c6,valid,When did the Soviets ban the collection of stories?,1929,1929,When did the Soviets ban the collection of stories ?,1929,1929
7caf2f44d1a9e5ff56df26563d3b96ae3d0200c6,valid,What was Doyle's favorite sherlock Homes story?,The adventure of the Speckled Band,"""The Adventures of the Speckled Band.""",What was Doyle s favorite sherlock Homes story ?,The adventure of the Speckled Band,The Adventures of the Speckled Band .
7caf2f44d1a9e5ff56df26563d3b96ae3d0200c6,valid,How many stories was in Doyle's list of best stories?,12,12,How many stories was in Doyle s list of best stories ?,12,12
7caf2f44d1a9e5ff56df26563d3b96ae3d0200c6,valid,What magazine did Doyle give a list of best stories?,The Strand Magazine,The Strand.,What magazine did Doyle give a list of best stories ?,The Strand Magazine,The Strand .
7caf2f44d1a9e5ff56df26563d3b96ae3d0200c6,valid,What year did Doyle submit a list of best stories?,1927,1927,What year did Doyle submit a list of best stories ?,1927,1927
7caf2f44d1a9e5ff56df26563d3b96ae3d0200c6,valid,What point of view are the stories told in?,First person.,first person narrative,What point of view are the stories told in ?,First person .,first person narrative
7caf2f44d1a9e5ff56df26563d3b96ae3d0200c6,valid,Who is the narrator on most?,Dr. Watson.,Dr. Watson,Who is the narrator on most ?,Dr. Watson .,Dr. Watson
7caf2f44d1a9e5ff56df26563d3b96ae3d0200c6,valid,What was Doyle's favorite?,The Adventure of the Speckled Band.,The Adventure of the  Speckled Band,What was Doyle s favorite ?,The Adventure of the Speckled Band .,The Adventure of the Speckled Band
7caf2f44d1a9e5ff56df26563d3b96ae3d0200c6,valid,Where was the work banned?,In the Soviet Union.,The Soviet Union.,Where was the work banned ?,In the Soviet Union .,The Soviet Union .
7caf2f44d1a9e5ff56df26563d3b96ae3d0200c6,valid,When was it banned in the Soviet Union?,In 1929.,1929.,When was it banned in the Soviet Union ?,In 1929 .,1929 .
7caf2f44d1a9e5ff56df26563d3b96ae3d0200c6,valid,Why was it banned in the Soviet Union?,Occultism.,"Because of its perceived ""occultism.""",Why was it banned in the Soviet Union ?,Occultism .,Because of its perceived occultism .
7caf2f44d1a9e5ff56df26563d3b96ae3d0200c6,valid,Where did the works gain popularity?,In the black market.,A black market of banned books.,Where did the works gain popularity ?,In the black market .,A black market of banned books .
7caf2f44d1a9e5ff56df26563d3b96ae3d0200c6,valid,When did the ban get lifted?,1940.,1940,When did the ban get lifted ?,1940 .,1940
7caf2f44d1a9e5ff56df26563d3b96ae3d0200c6,valid,How many are not told from Watson's point of view?,Four.,4,How many are not told from Watson s point of view ?,Four .,4
7caf2f44d1a9e5ff56df26563d3b96ae3d0200c6,valid,What kind of injustices do the stories point out?,Social injustices.,social injustices,What kind of injustices do the stories point out ?,Social injustices .,social injustices
9b827d8f4127cffdf56129bc91a3d2bbbdeb19a4,train,What is the title of this story?,The Valley of Fear,The Valley of Fear,What is the title of this story ?,The Valley of Fear,The Valley of Fear
9b827d8f4127cffdf56129bc91a3d2bbbdeb19a4,train,What news did Inspecter MacDonald give when he arrived to Baker Street?,That Mr. Douglas has been murdered,Douglas was murdered,What news did Inspecter MacDonald give when he arrived to Baker Street ?,That Mr. Douglas has been murdered,Douglas was murdered
9b827d8f4127cffdf56129bc91a3d2bbbdeb19a4,train,What initials were on the card found by Douglas' body?,"""V. V. 341""",V.V.,What initials were on the card found by Douglas ' body ?,V. V. 341,V.V .
9b827d8f4127cffdf56129bc91a3d2bbbdeb19a4,train,Who does Barker believe pursued Douglas?,A secret society of men,secret society ,Who does Barker believe pursued Douglas ?,A secret society of men,secret society
9b827d8f4127cffdf56129bc91a3d2bbbdeb19a4,train,Which two people does Holmes believe to be lying about the murder?,Cecil Barker and Mrs. Douglas,barker and mrs. douglas,Which two people does Holmes believe to be lying about the murder ?,Cecil Barker and Mrs. Douglas,barker and mrs. douglas
9b827d8f4127cffdf56129bc91a3d2bbbdeb19a4,train,"Who did Mr. Douglas shoot, in fear of his own life?",Ted Baldwin,ted baldwin,"Who did Mr. Douglas shoot , in fear of his own life ?",Ted Baldwin,ted baldwin
9b827d8f4127cffdf56129bc91a3d2bbbdeb19a4,train,What is Mr. Douglas' real name?,Birdy Edwards,Birdy Edwards,What is Mr. Douglas ' real name ?,Birdy Edwards,Birdy Edwards
9b827d8f4127cffdf56129bc91a3d2bbbdeb19a4,train,Where was Douglas traveling to when he went overboard on a vessel?,Africa,Africa,Where was Douglas traveling to when he went overboard on a vessel ?,Africa,Africa
9b827d8f4127cffdf56129bc91a3d2bbbdeb19a4,train,What message does Holmes decipher?,Some deviltry is intended against Douglas,"""some deviltry is intended against one Douglas""",What message does Holmes decipher ?,Some deviltry is intended against Douglas,some deviltry is intended against one Douglas
9b827d8f4127cffdf56129bc91a3d2bbbdeb19a4,train,"Where do Holme's Watson, and Macdonald travel?","Birlstone, Sussex","Birlstone, Sussex","Where do Holme s Watson , and Macdonald travel ?","Birlstone , Sussex","Birlstone , Sussex"
9b827d8f4127cffdf56129bc91a3d2bbbdeb19a4,train,What appears to be taken from douglas's hand?,wedding wing,His wedding ring.,What appears to be taken from douglas s hand ?,wedding wing,His wedding ring .
9b827d8f4127cffdf56129bc91a3d2bbbdeb19a4,train,How must the murderer have escaped according to the police?,Across the moat,Through the window and across the moat.,How must the murderer have escaped according to the police ?,Across the moat,Through the window and across the moat .
9b827d8f4127cffdf56129bc91a3d2bbbdeb19a4,train,How does Holmes determine Barker's shoe made the mark?,By studying Barker''s slippers,By studying Barker's slippers,How does Holmes determine Barker s shoe made the mark ?,By studying Barker s slippers,By studying Barker s slippers
9b827d8f4127cffdf56129bc91a3d2bbbdeb19a4,train,What does Holmes ask MacDonald to tell Barker?,The police will search the moat the next day,They will search the moat in the morning.,What does Holmes ask MacDonald to tell Barker ?,The police will search the moat the next day,They will search the moat in the morning .
9b827d8f4127cffdf56129bc91a3d2bbbdeb19a4,train,What does Douglas hand Watson?,The Valley of Fear,A written account of the Valley of Fear,What does Douglas hand Watson ?,The Valley of Fear,A written account of the Valley of Fear
9b827d8f4127cffdf56129bc91a3d2bbbdeb19a4,train,Who is Douglas's enemy?,Ted Baldwin,Moriarty,Who is Douglas s enemy ?,Ted Baldwin,Moriarty
9b827d8f4127cffdf56129bc91a3d2bbbdeb19a4,train,Who does Holmes believe responsible for Douglas's dissappearance?,Moriarty,Moriarty,Who does Holmes believe responsible for Douglas s dissappearance ?,Moriarty,Moriarty
9b827d8f4127cffdf56129bc91a3d2bbbdeb19a4,train,What was used for encrypting the message?,The monthly Almanac.,A monthly almanac.,What was used for encrypting the message ?,The monthly Almanac .,A monthly almanac .
9b827d8f4127cffdf56129bc91a3d2bbbdeb19a4,train,What weapon does Holmes find at the manor?,A sawed off shotgun.,Sawed off shotgun.,What weapon does Holmes find at the manor ?,A sawed off shotgun .,Sawed off shotgun .
9b827d8f4127cffdf56129bc91a3d2bbbdeb19a4,train,What was missing from Douglas' body?,His wedding ring.,His wedding ring.,What was missing from Douglas ' body ?,His wedding ring .,His wedding ring .
9b827d8f4127cffdf56129bc91a3d2bbbdeb19a4,train,Who heard the sound of a door slamming?,The housekeeper.,The housekeeper.,Who heard the sound of a door slamming ?,The housekeeper .,The housekeeper .
9b827d8f4127cffdf56129bc91a3d2bbbdeb19a4,train,What is in the bundle found in the moat?,The missing American's clothes.,The missing American's clothes,What is in the bundle found in the moat ?,The missing American s clothes .,The missing American s clothes
9b827d8f4127cffdf56129bc91a3d2bbbdeb19a4,train,Who used to be Pinkerton detective?,Douglas.,Douglas,Who used to be Pinkerton detective ?,Douglas .,Douglas
9b827d8f4127cffdf56129bc91a3d2bbbdeb19a4,train,What was Douglas' real name?,Birdie Edwards.,Birdy Edwards,What was Douglas ' real name ?,Birdie Edwards .,Birdy Edwards
9b827d8f4127cffdf56129bc91a3d2bbbdeb19a4,train,How does Douglas die?,He is lost overboard on a ship.,Went overboard on a ship,How does Douglas die ?,He is lost overboard on a ship .,Went overboard on a ship
9b827d8f4127cffdf56129bc91a3d2bbbdeb19a4,train,How many wives did Douglas have?,Two.,two,How many wives did Douglas have ?,Two .,two
9b827d8f4127cffdf56129bc91a3d2bbbdeb19a4,train,Where is the Manor?,"Birlstone, Sussex.","birlstone, sussex",Where is the Manor ?,"Birlstone , Sussex .","birlstone , sussex"
a3178b2869767f5cccaa1cad82b439132abaebbf,test,What does The Bug do for money to buy the dress? ,He digs graves. ,He works for two days as a ditch digger.,What does The Bug do for money to buy the dress ?,He digs graves .,He works for two days as a ditch digger .
a3178b2869767f5cccaa1cad82b439132abaebbf,test,What does The Bug have made of the dress's loud fabric? ,A necktie. ,A tie.,What does The Bug have made of the dress s loud fabric ?,A necktie .,A tie .
a3178b2869767f5cccaa1cad82b439132abaebbf,test,Who takes an accidental balloon flight to Africa? ,The Woggle-Bug,The Woggle-bug.,Who takes an accidental balloon flight to Africa ?,The Woggle-Bug,The Woggle-bug .
a3178b2869767f5cccaa1cad82b439132abaebbf,test,Who wants to kill the Woggle-Bug? ,Arabs,Menacing Arabs want to kill hime.,Who wants to kill the Woggle-Bug ?,Arabs,Menacing Arabs want to kill hime .
a3178b2869767f5cccaa1cad82b439132abaebbf,test,What is unique about the animals of the jungle? ,They can talk. ,They talk,What is unique about the animals of the jungle ?,They can talk .,They talk
a3178b2869767f5cccaa1cad82b439132abaebbf,test,What pattern is the fabric of the dress? ,Wagnerian Plaid,Wagnerian plaid,What pattern is the fabric of the dress ?,Wagnerian Plaid,Wagnerian plaid
a3178b2869767f5cccaa1cad82b439132abaebbf,test,What color handkerchief does the Woggle-Bug carry? ,Pink,Pink. ,What color handkerchief does the Woggle-Bug carry ?,Pink,Pink .
a3178b2869767f5cccaa1cad82b439132abaebbf,test,What happens when the Woggle-Bug shows up to buy the dress? ,He discovers it's been sold already. ,It was already sold,What happens when the Woggle-Bug shows up to buy the dress ?,He discovers it s been sold already .,It was already sold
a3178b2869767f5cccaa1cad82b439132abaebbf,test,What type of humor is prevalent in this story? ,Ethnic humor. ,Ethnic humor,What type of humor is prevalent in this story ?,Ethnic humor .,Ethnic humor
a3178b2869767f5cccaa1cad82b439132abaebbf,test,What does the Woggle-Bug love at the end of the story? ,His necktie. ,His necktie.,What does the Woggle-Bug love at the end of the story ?,His necktie .,His necktie .
a3178b2869767f5cccaa1cad82b439132abaebbf,test,How much is the dress the Woggle-bug fell in love with?,$7.93,$7.93,How much is the dress the Woggle-bug fell in love with ?,$ 7.93,$ 7.93
a3178b2869767f5cccaa1cad82b439132abaebbf,test,What did the sale tag read on the dress?,Greatly reduced,GREATLY REDUCED.,What did the sale tag read on the dress ?,Greatly reduced,GREATLY REDUCED .
a3178b2869767f5cccaa1cad82b439132abaebbf,test,How many days did the bug work to earn enough money to buy the dress?,2 days,Two,How many days did the bug work to earn enough money to buy the dress ?,2 days,Two
a3178b2869767f5cccaa1cad82b439132abaebbf,test,What job did the bug work to earn money to buy the dress?,A ditchdigger,As a ditch digger.,What job did the bug work to earn money to buy the dress ?,A ditchdigger,As a ditch digger .
a3178b2869767f5cccaa1cad82b439132abaebbf,test,Where did the accidental balloon flight take the bug?,To Africa,Africa. ,Where did the accidental balloon flight take the bug ?,To Africa,Africa .
a3178b2869767f5cccaa1cad82b439132abaebbf,test,Who wants to kill the bug while in Africa?,Arabs,Arabs. ,Who wants to kill the bug while in Africa ?,Arabs,Arabs .
a3178b2869767f5cccaa1cad82b439132abaebbf,test,What did the bug say would happen if he is killed?,It would bring bad luck,It would bring bad luck.,What did the bug say would happen if he is killed ?,It would bring bad luck,It would bring bad luck .
a3178b2869767f5cccaa1cad82b439132abaebbf,test,In the end what did the bug bring back to the city?,A necktie made from the dresses fabric,A necktie made from the same fabric as the dress.,In the end what did the bug bring back to the city ?,A necktie made from the dresses fabric,A necktie made from the same fabric as the dress .
a3178b2869767f5cccaa1cad82b439132abaebbf,test,What was the bugs feelings toward the necktie made from the dresses fabric?,Happy and content,He loved it,What was the bugs feelings toward the necktie made from the dresses fabric ?,Happy and content,He loved it
a3178b2869767f5cccaa1cad82b439132abaebbf,test,In which most famous work by Baum did an accidental balloon flight take place?,The Wizard of Oz,Wizard of Oz,In which most famous work by Baum did an accidental balloon flight take place ?,The Wizard of Oz,Wizard of Oz
a3178b2869767f5cccaa1cad82b439132abaebbf,test,Why does the Woggle-bug fall in love with the dress?,Because it brightly colored.,"The dress is bright, flashy and gaudy. ",Why does the Woggle-bug fall in love with the dress ?,Because it brightly colored .,"The dress is bright , flashy and gaudy ."
a3178b2869767f5cccaa1cad82b439132abaebbf,test,What work did the Woggle-Bug do to get money to buy the dress?,Digging.,As a ditchdigger,What work did the Woggle-Bug do to get money to buy the dress ?,Digging .,As a ditchdigger
a3178b2869767f5cccaa1cad82b439132abaebbf,test,Where did the Woggle-Bug start his search?,The flea market.,He starts his search through the second hand market in town.,Where did the Woggle-Bug start his search ?,The flea market .,He starts his search through the second hand market in town .
a3178b2869767f5cccaa1cad82b439132abaebbf,test,Who does the Woggle-Bug meet to talk to?,Forest animals.,He convinces the Arabs that his death will bring bad luck.,Who does the Woggle-Bug meet to talk to ?,Forest animals .,He convinces the Arabs that his death will bring bad luck .
a3178b2869767f5cccaa1cad82b439132abaebbf,test,How does the Woggle-Bug get to Africa?,Hot air ballon,An accidental balloon flight. ,How does the Woggle-Bug get to Africa ?,Hot air ballon,An accidental balloon flight .
a3178b2869767f5cccaa1cad82b439132abaebbf,test,Why does the Woggle-Bug earn higher pay digging ditches?, He digs with all of his hands.,Because he has four arms to dig with.,Why does the Woggle-Bug earn higher pay digging ditches ?,He digs with all of his hands .,Because he has four arms to dig with .
a3178b2869767f5cccaa1cad82b439132abaebbf,test,Who wanted to kill the Woggle-Bug?,Arabs.,The Arabs,Who wanted to kill the Woggle-Bug ?,Arabs .,The Arabs
a3178b2869767f5cccaa1cad82b439132abaebbf,test,How did the Woggle-Bug prevent his murder?,Making them fear negative consenquences from causing his death.,He tells the men it would be bad luck.,How did the Woggle-Bug prevent his murder ?,Making them fear negative consenquences from causing his death .,He tells the men it would be bad luck .
a3178b2869767f5cccaa1cad82b439132abaebbf,test,What happened to the Wagnerian Plaid dress?,It was made into a necktie for the Woggle-Bug.,It as sold before he could purchase it.,What happened to the Wagnerian Plaid dress ?,It was made into a necktie for the Woggle-Bug .,It as sold before he could purchase it .
a7edd5dfe618e9d0fe3051af99e305362791e5e3,train,Who asks Sherlock Homes to investigate the death of Sir Charles Baskerville?,Dr. James Mortimer,Dr. James Mortimer,Who asks Sherlock Homes to investigate the death of Sir Charles Baskerville ?,Dr. James Mortimer,Dr. James Mortimer
a7edd5dfe618e9d0fe3051af99e305362791e5e3,train,Who is Selden to Mrs. Barrymore?,A brother,her brother,Who is Selden to Mrs. Barrymore ?,A brother,her brother
a7edd5dfe618e9d0fe3051af99e305362791e5e3,train,Why did Stapleton take Sir Henry's boots?,To give the hound Sir Henry's scent,To give the hound his scent.,Why did Stapleton take Sir Henry s boots ?,To give the hound Sir Henry s scent,To give the hound his scent .
a7edd5dfe618e9d0fe3051af99e305362791e5e3,train,Why did the hound mistake Selden for Sir Henry?,Selden was wearing Sir Henry's clothes,because Selden was wearing Sir Henry's old clothes,Why did the hound mistake Selden for Sir Henry ?,Selden was wearing Sir Henry s clothes,because Selden was wearing Sir Henry s old clothes
a7edd5dfe618e9d0fe3051af99e305362791e5e3,train,How did Stapleton react  when Miss Stapleton and Sir Henry fall in love?,Stapleton is angry.,Stapleton became angry. ,How did Stapleton react when Miss Stapleton and Sir Henry fall in love ?,Stapleton is angry .,Stapleton became angry .
a7edd5dfe618e9d0fe3051af99e305362791e5e3,train,How is the hound made to look hellish?,The hound is painted with phosphorus.,It was painted with phosphorus.,How is the hound made to look hellish ?,The hound is painted with phosphorus .,It was painted with phosphorus .
a7edd5dfe618e9d0fe3051af99e305362791e5e3,train,Whose initials are on the bottom of the burnt letter to Sir Charles?,L.L.,Laura Lyons,Whose initials are on the bottom of the burnt letter to Sir Charles ?,L.L .,Laura Lyons
a7edd5dfe618e9d0fe3051af99e305362791e5e3,train,What relation is Sir Charles to Stapleton?,Cousin,uncle,What relation is Sir Charles to Stapleton ?,Cousin,uncle
a7edd5dfe618e9d0fe3051af99e305362791e5e3,train,What did Stapleton promise to Laura Lyons  for her cooperation?,Marriage,Marriage.,What did Stapleton promise to Laura Lyons for her cooperation ?,Marriage,Marriage .
a7edd5dfe618e9d0fe3051af99e305362791e5e3,train,Who rescues Sir Henry from the hound?,Holmes & Watson,Holmes and Watson. ,Who rescues Sir Henry from the hound ?,Holmes & Watson,Holmes and Watson .
a7edd5dfe618e9d0fe3051af99e305362791e5e3,train,Who's death does Dr. James Mortimer ask Sherlock Holmes to investigate?,Sir Charles Baskerville.,Sir Charles Baskerville. ,Who s death does Dr. James Mortimer ask Sherlock Holmes to investigate ?,Sir Charles Baskerville .,Sir Charles Baskerville .
a7edd5dfe618e9d0fe3051af99e305362791e5e3,train,What is the name of the opera Holmes and Watson watch?,Les Huguenots.,Les Huguenots,What is the name of the opera Holmes and Watson watch ?,Les Huguenots .,Les Huguenots
a7edd5dfe618e9d0fe3051af99e305362791e5e3,train,Sir Charles Baskerville is believed to have died how at the beginning of the story?,Heart attack.,Heart attack,Sir Charles Baskerville is believed to have died how at the beginning of the story ?,Heart attack .,Heart attack
a7edd5dfe618e9d0fe3051af99e305362791e5e3,train,Who supposedly offered his soul to the Devil?,Hugo Baskerville.,Hugo Baskerville. ,Who supposedly offered his soul to the Devil ?,Hugo Baskerville .,Hugo Baskerville .
a7edd5dfe618e9d0fe3051af99e305362791e5e3,train,What is believed to have killed Hugo Baskerville?,A giant spectral hound.,a devil hound,What is believed to have killed Hugo Baskerville ?,A giant spectral hound .,a devil hound
a7edd5dfe618e9d0fe3051af99e305362791e5e3,train,How many brothers did Sir Charles Baskerville have?,3,two,How many brothers did Sir Charles Baskerville have ?,3,two
a7edd5dfe618e9d0fe3051af99e305362791e5e3,train,Where was Sir Rodger Baskerville believed to have died?,South America.,In South America.,Where was Sir Rodger Baskerville believed to have died ?,South America .,In South America .
a7edd5dfe618e9d0fe3051af99e305362791e5e3,train,Sherlock Holmes' apartment is on what street?,Baker street.,Baker Street,Sherlock Holmes ' apartment is on what street ?,Baker street .,Baker Street
a7edd5dfe618e9d0fe3051af99e305362791e5e3,train,Whom does Sir Henry fall in love with?,Miss Stapleton.,Miss Stapleton,Whom does Sir Henry fall in love with ?,Miss Stapleton .,Miss Stapleton
a7edd5dfe618e9d0fe3051af99e305362791e5e3,train,What where the initials on the burnt letter?,L.L.,L.L.,What where the initials on the burnt letter ?,L.L .,L.L .
a7edd5dfe618e9d0fe3051af99e305362791e5e3,train,Who hires Sherlock Holmes to investigate the death of Sir Charles Baskerville?,Dr. James Mortimer hires Holmes to investigate Baskerville's death.,"Baskerville's friend, James Mortimer.",Who hires Sherlock Holmes to investigate the death of Sir Charles Baskerville ?,Dr. James Mortimer hires Holmes to investigate Baskerville s death .,"Baskerville s friend , James Mortimer ."
a7edd5dfe618e9d0fe3051af99e305362791e5e3,train,Why is Mortimer suspicious of Baskerville's death not being a heart attack?,Because Baskerville died with a look of pure horror on his face. ,He died with an expression of horror on his face. ,Why is Mortimer suspicious of Baskerville s death not being a heart attack ?,Because Baskerville died with a look of pure horror on his face .,He died with an expression of horror on his face .
a7edd5dfe618e9d0fe3051af99e305362791e5e3,train,What have the Basekrville family been suffering under since the English Civil War era?,The Baskerville family has been rumored to be suffering under a curse since the English Civil War.,A curse.,What have the Basekrville family been suffering under since the English Civil War era ?,The Baskerville family has been rumored to be suffering under a curse since the English Civil War .,A curse .
a7edd5dfe618e9d0fe3051af99e305362791e5e3,train,What does Watson find out at Baskerville Hall?,That an escaped murderer named Selden is suspected in the area.,that Stapleton was Rodger Baskerville's son,What does Watson find out at Baskerville Hall ?,That an escaped murderer named Selden is suspected in the area .,that Stapleton was Rodger Baskerville s son
a7edd5dfe618e9d0fe3051af99e305362791e5e3,train,What does watson hear during the night at Baskerville Hall?,"He hears the cry of a woman, suspected to be Mrs. Barrymore, but has no proof that it is.",a woman crying,What does watson hear during the night at Baskerville Hall ?,"He hears the cry of a woman , suspected to be Mrs. Barrymore , but has no proof that it is .",a woman crying
a7edd5dfe618e9d0fe3051af99e305362791e5e3,train,Where do Watson and Sir Henry pursue Selden to?,They pursue Selden out onto the moors.,The moor.,Where do Watson and Sir Henry pursue Selden to ?,They pursue Selden out onto the moors .,The moor .
a7edd5dfe618e9d0fe3051af99e305362791e5e3,train,Who was the second man that was out on the moors the same time as Sir Henry and Watson?,"It was Sherlock Holmes, investigating the case independently.",Sherlock Holmes.,Who was the second man that was out on the moors the same time as Sir Henry and Watson ?,"It was Sherlock Holmes , investigating the case independently .",Sherlock Holmes .
a7edd5dfe618e9d0fe3051af99e305362791e5e3,train,Whose scream do Holmes and Watson hear?,"They hear the scream of the murderer Selden, who fell to his death.",Selden.,Whose scream do Holmes and Watson hear ?,"They hear the scream of the murderer Selden , who fell to his death .",Selden .
a7edd5dfe618e9d0fe3051af99e305362791e5e3,train,What does Holmes discover at the Baskerville estate?,That Mr. Stapleton resembles a Baskerville and that Stapleton could be an unknown Baskerville family member.,The resemblance between Stapleton and a portrait of Hugo Baskerville.,What does Holmes discover at the Baskerville estate ?,That Mr. Stapleton resembles a Baskerville and that Stapleton could be an unknown Baskerville family member .,The resemblance between Stapleton and a portrait of Hugo Baskerville .
a7edd5dfe618e9d0fe3051af99e305362791e5e3,train,What does Holmes discover about the Hounds of the Baskervilles?,They are perfectly normal mastiffs and bloodhounds painted with phosphorus to look deadlier.,it is one mixed breed large dog with phosphorous to make it glow,What does Holmes discover about the Hounds of the Baskervilles ?,They are perfectly normal mastiffs and bloodhounds painted with phosphorus to look deadlier .,it is one mixed breed large dog with phosphorous to make it glow
a887641959e80961ce68baaf02efa0d3f2e18daa,train,Who was the protagonist to volunteer to spy the Greek's camp?,Dolon,Dolon.,Who was the protagonist to volunteer to spy the Greek s camp ?,Dolon,Dolon .
a887641959e80961ce68baaf02efa0d3f2e18daa,train,What announcement made the mother of Rhesus after he was killed?,That Rhessus will be resurrected and become inmortal.,That he will be resurrected and become immortal.,What announcement made the mother of Rhesus after he was killed ?,That Rhessus will be resurrected and become inmortal .,That he will be resurrected and become immortal .
a887641959e80961ce68baaf02efa0d3f2e18daa,train,Where will Rhessus live after he ressurected and become inmortal?,He will live in an underground cave.,In an underground cave.,Where will Rhessus live after he ressurected and become inmortal ?,He will live in an underground cave .,In an underground cave .
a887641959e80961ce68baaf02efa0d3f2e18daa,train,Who was Rhessus?,The king of Trace.,The king of Thrace,Who was Rhessus ?,The king of Trace .,The king of Thrace
a887641959e80961ce68baaf02efa0d3f2e18daa,train,What does Rolon did to deceive the greeks when he went to spy them?,He wear the skin of a wolf and walked in all fours.,wore a wolf skin and walked on all fours,What does Rolon did to deceive the greeks when he went to spy them ?,He wear the skin of a wolf and walked in all fours .,wore a wolf skin and walked on all fours
a887641959e80961ce68baaf02efa0d3f2e18daa,train,Which were the protagonists that killed Dolon?,Odysseus and Diomedes,Odysseus and Diomedes,Which were the protagonists that killed Dolon ?,Odysseus and Diomedes,Odysseus and Diomedes
a887641959e80961ce68baaf02efa0d3f2e18daa,train,What does the Trojan guards saw on the Greek camp while they where doing their duty?,They saw bright fire,bright fires,What does the Trojan guards saw on the Greek camp while they where doing their duty ?,They saw bright fire,bright fires
a887641959e80961ce68baaf02efa0d3f2e18daa,train,Waht was Rhessus excuse for arriving late to help Hector?,He was defending his own land from the attacks of the Scythians.,he had to defend his own land,Waht was Rhessus excuse for arriving late to help Hector ?,He was defending his own land from the attacks of the Scythians .,he had to defend his own land
a887641959e80961ce68baaf02efa0d3f2e18daa,train,What did Odysseus took when Diomedes killed Rhessus and the others in their sleeping quarter?,Their horses,took his prized horses,What did Odysseus took when Diomedes killed Rhessus and the others in their sleeping quarter ?,Their horses,took his prized horses
a887641959e80961ce68baaf02efa0d3f2e18daa,train,Who Rhessus's men blamed for his death?,They balmed Hector,Hector,Who Rhessus s men blamed for his death ?,They balmed Hector,Hector
a887641959e80961ce68baaf02efa0d3f2e18daa,train,"Why was the king of Thrace, Rhesus, delayed in coming to Hector's aid?",He was defending his kingdom from Scythians.,He was defending his lands from the Scythians,"Why was the king of Thrace , Rhesus , delayed in coming to Hector s aid ?",He was defending his kingdom from Scythians .,He was defending his lands from the Scythians
a887641959e80961ce68baaf02efa0d3f2e18daa,train,What animal does Dolon disguise himself as to spy on the Greeks?,A wolf.,Wolf,What animal does Dolon disguise himself as to spy on the Greeks ?,A wolf .,Wolf
a887641959e80961ce68baaf02efa0d3f2e18daa,train,Who ultimately kills Rhesus?, Diomedes.,Diomedes,Who ultimately kills Rhesus ?,Diomedes .,Diomedes
a887641959e80961ce68baaf02efa0d3f2e18daa,train,What mythical being was Rhesus' mother?,One of the nine muses.,a muse,What mythical being was Rhesus ' mother ?,One of the nine muses .,a muse
a887641959e80961ce68baaf02efa0d3f2e18daa,train,Who did the Trojans first blame for Rhesus' death?,Hector.,Hector,Who did the Trojans first blame for Rhesus ' death ?,Hector .,Hector
a887641959e80961ce68baaf02efa0d3f2e18daa,train,What bargain does Dolon strike with Hector in exchange for spying on the Greeks?,Hector agrees to give Dolon his prized horses.,He will get Achilles's horse after the war is over. ,What bargain does Dolon strike with Hector in exchange for spying on the Greeks ?,Hector agrees to give Dolon his prized horses .,He will get Achilles s horse after the war is over .
a887641959e80961ce68baaf02efa0d3f2e18daa,train,Why were Odysseus and Diomedes instructed not to kill Hector?,Athena told them they were not destined to kill him.,they were not destined to,Why were Odysseus and Diomedes instructed not to kill Hector ?,Athena told them they were not destined to kill him .,they were not destined to
a887641959e80961ce68baaf02efa0d3f2e18daa,train,What action does Aeneas dissuade Hector from completing?,A call to arms against the Greek encampment. ,A call to arms.,What action does Aeneas dissuade Hector from completing ?,A call to arms against the Greek encampment .,A call to arms .
a887641959e80961ce68baaf02efa0d3f2e18daa,train,Who stole Rhesus' horses?,Odysseus.,Odysseus,Who stole Rhesus ' horses ?,Odysseus .,Odysseus
a887641959e80961ce68baaf02efa0d3f2e18daa,train,Who suggest that they spy on the Greek camp?,Aeneas,Aeneas,Who suggest that they spy on the Greek camp ?,Aeneas,Aeneas
a887641959e80961ce68baaf02efa0d3f2e18daa,train,Who volunteers to spy on the Greeks?,Dolon,Dolan,Who volunteers to spy on the Greeks ?,Dolon,Dolan
a887641959e80961ce68baaf02efa0d3f2e18daa,train,What does Dolon want in exchange for spying?,Achilles' horse,Achilles' horse. ,What does Dolon want in exchange for spying ?,Achilles ' horse,Achilles ' horse .
a887641959e80961ce68baaf02efa0d3f2e18daa,train,How does Dolon intend to trick the Greeks?,By walkinig on all fours,wearing the skin of a wolf and walking on all fours,How does Dolon intend to trick the Greeks ?,By walkinig on all fours,wearing the skin of a wolf and walking on all fours
a887641959e80961ce68baaf02efa0d3f2e18daa,train,Who is the king of Thrace?,Rhesus,Rhesus,Who is the king of Thrace ?,Rhesus,Rhesus
a887641959e80961ce68baaf02efa0d3f2e18daa,train,Who attacked Rhesus' kingdom?,The Scythians,odysseus,Who attacked Rhesus ' kingdom ?,The Scythians,odysseus
a887641959e80961ce68baaf02efa0d3f2e18daa,train,Who guides Diomeses into Rhesus' quarters?,Athena,Athena,Who guides Diomeses into Rhesus ' quarters ?,Athena,Athena
a887641959e80961ce68baaf02efa0d3f2e18daa,train,"When Rhesus is resurrected, where will he live?",In an underground cave,In an underground cave.,"When Rhesus is resurrected , where will he live ?",In an underground cave,In an underground cave .
a887641959e80961ce68baaf02efa0d3f2e18daa,train,Who exposes the guilty parties?,The mother of Rhesus,Hector,Who exposes the guilty parties ?,The mother of Rhesus,Hector
a887641959e80961ce68baaf02efa0d3f2e18daa,train,What animal skin is Dolon wearing?,The skin of a wolf,A wolf skin,What animal skin is Dolon wearing ?,The skin of a wolf,A wolf skin
caf0ab019a350015cf49332baf41bdce16c4bfa7,train,Who is Glauce's father?,"Creon, the King of Corinth.",Creon.,Who is Glauce s father ?,"Creon , the King of Corinth .",Creon .
caf0ab019a350015cf49332baf41bdce16c4bfa7,train,What does Creon plan for Medea in anticipation of her wrath?,To send her into exile.,Reveals the plan to send her into exile. ,What does Creon plan for Medea in anticipation of her wrath ?,To send her into exile .,Reveals the plan to send her into exile .
caf0ab019a350015cf49332baf41bdce16c4bfa7,train,What relationship with Medea does Jason anticipate after he marries Glauce?,That she will be his mistress.,she would be his mistress,What relationship with Medea does Jason anticipate after he marries Glauce ?,That she will be his mistress .,she would be his mistress
caf0ab019a350015cf49332baf41bdce16c4bfa7,train,How does Medea respond to Jason after he arrives to explain his apparent betrayal?,She does not believe him.,She warns him that he will regret his marriage with the princess.,How does Medea respond to Jason after he arrives to explain his apparent betrayal ?,She does not believe him .,She warns him that he will regret his marriage with the princess .
caf0ab019a350015cf49332baf41bdce16c4bfa7,train,"What problem does Aegeus, the Kind of Athens, share with Medea?","That he is infertile, that despite his marriage he has no children.",he is childless,"What problem does Aegeus , the Kind of Athens , share with Medea ?","That he is infertile , that despite his marriage he has no children .",he is childless
caf0ab019a350015cf49332baf41bdce16c4bfa7,train,What does Medea promise Aegeus in return for his letting her stay in Athens?,She will give him drugs to end his infertility.,to make him fertile,What does Medea promise Aegeus in return for his letting her stay in Athens ?,She will give him drugs to end his infertility .,to make him fertile
caf0ab019a350015cf49332baf41bdce16c4bfa7,train,Why does Medea resolve to kill her children?,Because it will hurt Jason.,revenge on her husband,Why does Medea resolve to kill her children ?,Because it will hurt Jason .,revenge on her husband
caf0ab019a350015cf49332baf41bdce16c4bfa7,train,How does Medea plan to murder Glauce?,She poisons her robe and coronet and then gives them to Glauce.,giving her poison robes ,How does Medea plan to murder Glauce ?,She poisons her robe and coronet and then gives them to Glauce .,giving her poison robes
caf0ab019a350015cf49332baf41bdce16c4bfa7,train,How does Creon die?,When he tries to save his daughter he comes in contact with the golden robe and coronet and is also poisoned.,He gets poisoned while trying to save his daughter from the robes.,How does Creon die ?,When he tries to save his daughter he comes in contact with the golden robe and coronet and is also poisoned .,He gets poisoned while trying to save his daughter from the robes .
caf0ab019a350015cf49332baf41bdce16c4bfa7,train,How does Medea kill her children?,With a knife.,With a knife,How does Medea kill her children ?,With a knife .,With a knife
caf0ab019a350015cf49332baf41bdce16c4bfa7,train,Where does the story take place?,In Corinth,Corinth,Where does the story take place ?,In Corinth,Corinth
caf0ab019a350015cf49332baf41bdce16c4bfa7,train,Why does Medea rage at Jason?,He wants to marry Glauce,he is marrying Glauce ,Why does Medea rage at Jason ?,He wants to marry Glauce,he is marrying Glauce
caf0ab019a350015cf49332baf41bdce16c4bfa7,train,What is Creon planning?,To send Medea into exile,Medea's exile ,What is Creon planning ?,To send Medea into exile,Medea s exile
caf0ab019a350015cf49332baf41bdce16c4bfa7,train,Who does Jason want to keep as his mistress after he is married to Glauce?,Medea,Medea,Who does Jason want to keep as his mistress after he is married to Glauce ?,Medea,Medea
caf0ab019a350015cf49332baf41bdce16c4bfa7,train,What does King Aegeus reveal to Medea?,That he is having fertility problems in his marriage,He has no children. ,What does King Aegeus reveal to Medea ?,That he is having fertility problems in his marriage,He has no children .
caf0ab019a350015cf49332baf41bdce16c4bfa7,train,How does Medea plan to get revenge?,By poisoning some robes and killing her own children,by killing her children,How does Medea plan to get revenge ?,By poisoning some robes and killing her own children,by killing her children
caf0ab019a350015cf49332baf41bdce16c4bfa7,train,Who delivers the poisoned robes?,Medea's children,The children. ,Who delivers the poisoned robes ?,Medea s children,The children .
caf0ab019a350015cf49332baf41bdce16c4bfa7,train,Which two people die from the poisoned robes?,Glauce and Creon,Glauce and Creon. ,Which two people die from the poisoned robes ?,Glauce and Creon,Glauce and Creon .
caf0ab019a350015cf49332baf41bdce16c4bfa7,train,Why does Medea hesitate to kill her own sons?,She realizes the pain she might go through,She is worried about the pain it will put her through,Why does Medea hesitate to kill her own sons ?,She realizes the pain she might go through,She is worried about the pain it will put her through
caf0ab019a350015cf49332baf41bdce16c4bfa7,train,Where does Medea escape to?,Athens,Athens,Where does Medea escape to ?,Athens,Athens
caf0ab019a350015cf49332baf41bdce16c4bfa7,train,Who does Madea want revenge on?,Her husband.,Jason,Who does Madea want revenge on ?,Her husband .,Jason
caf0ab019a350015cf49332baf41bdce16c4bfa7,train,Why does she want revenge?,He is unfaithful.,Her husband is marrying another woman,Why does she want revenge ?,He is unfaithful .,Her husband is marrying another woman
caf0ab019a350015cf49332baf41bdce16c4bfa7,train,Where is the play set?,In Corinth.,In Corinth,Where is the play set ?,In Corinth .,In Corinth
caf0ab019a350015cf49332baf41bdce16c4bfa7,train,Who wants to send Madea into exile?,Creon.,Creon,Who wants to send Madea into exile ?,Creon .,Creon
caf0ab019a350015cf49332baf41bdce16c4bfa7,train,What is Aegeus's problem?,He is infertile.,he is childless,What is Aegeus s problem ?,He is infertile .,he is childless
caf0ab019a350015cf49332baf41bdce16c4bfa7,train,What does Madea want to do to Creon and Glauce?,Murder them.,murder them,What does Madea want to do to Creon and Glauce ?,Murder them .,murder them
caf0ab019a350015cf49332baf41bdce16c4bfa7,train,How does Madea kill Glauce and Creon?,She poisons them with a robe and crown.,with poisoned clothing,How does Madea kill Glauce and Creon ?,She poisons them with a robe and crown .,with poisoned clothing
caf0ab019a350015cf49332baf41bdce16c4bfa7,train,Why does Madea want to kill the children?,To hurt Jason.,to cause jason pain,Why does Madea want to kill the children ?,To hurt Jason .,to cause jason pain
caf0ab019a350015cf49332baf41bdce16c4bfa7,train,What does Madea use to kill the children?,Knife.,knife,What does Madea use to kill the children ?,Knife .,knife
caf0ab019a350015cf49332baf41bdce16c4bfa7,train,Where does Madea take the children's bodies?,To Athens.,To Athens,Where does Madea take the children s bodies ?,To Athens .,To Athens
d030a80754b5bf6bc6b77f020da4dde5bf7cb542,train,What are the names of the two reindeer who first assist Claus to deliver toys to children?,Flossie and Glossie,Flossie and Glossie,What are the names of the two reindeer who first assist Claus to deliver toys to children ?,Flossie and Glossie,Flossie and Glossie
d030a80754b5bf6bc6b77f020da4dde5bf7cb542,train,Where is the infant Claus found in the beginning?,Forest of Burzee,The Forest of Burzee ,Where is the infant Claus found in the beginning ?,Forest of Burzee,The Forest of Burzee
d030a80754b5bf6bc6b77f020da4dde5bf7cb542,train,What country did Claus move to and build his home?,Laughing Valley,Laughing Valley,What country did Claus move to and build his home ?,Laughing Valley,Laughing Valley
d030a80754b5bf6bc6b77f020da4dde5bf7cb542,train,What's the name of the cat Claus carves a wooden version of?,Blinkie,Blinkie,What s the name of the cat Claus carves a wooden version of ?,Blinkie,Blinkie
d030a80754b5bf6bc6b77f020da4dde5bf7cb542,train,What is the name of the evil army which kidnaps Claus?,Awgwas,Awgwas,What is the name of the evil army which kidnaps Claus ?,Awgwas,Awgwas
d030a80754b5bf6bc6b77f020da4dde5bf7cb542,train,How many new reindeer join the first two to help Claus?,Nine,9,How many new reindeer join the first two to help Claus ?,Nine,9
d030a80754b5bf6bc6b77f020da4dde5bf7cb542,train,What is the name of the group the evil army fight against?,The Immortals,Awgwas,What is the name of the group the evil army fight against ?,The Immortals,Awgwas
d030a80754b5bf6bc6b77f020da4dde5bf7cb542,train,Who turns King Awgwa's subjects into clods of dirt?,The Wood Nymphs,Wood Nymphs,Who turns King Awgwa s subjects into clods of dirt ?,The Wood Nymphs,Wood Nymphs
d030a80754b5bf6bc6b77f020da4dde5bf7cb542,train,Who does Ak slice in half?,King Awgwa,the king awgwa,Who does Ak slice in half ?,King Awgwa,the king awgwa
d030a80754b5bf6bc6b77f020da4dde5bf7cb542,train,What is the name of Necile's adopted baby?,Claus,Claus,What is the name of Necile s adopted baby ?,Claus,Claus
d030a80754b5bf6bc6b77f020da4dde5bf7cb542,train,Where does Claus travel to after becoming an adult and leaving the Forest of Burzee?,The Laughing Valley,The Laughing Valley,Where does Claus travel to after becoming an adult and leaving the Forest of Burzee ?,The Laughing Valley,The Laughing Valley
d030a80754b5bf6bc6b77f020da4dde5bf7cb542,train,What is the name of Claus' pet cat?,Blinkie,Blinkie,What is the name of Claus ' pet cat ?,Blinkie,Blinkie
d030a80754b5bf6bc6b77f020da4dde5bf7cb542,train,What does Claus give to a boy found in a storm?,Wooden version of Blinkie,wooden cat,What does Claus give to a boy found in a storm ?,Wooden version of Blinkie,wooden cat
d030a80754b5bf6bc6b77f020da4dde5bf7cb542,train,What army wants to stop Claus from giving toys to children?,The Awgwas,Awgwas,What army wants to stop Claus from giving toys to children ?,The Awgwas,Awgwas
d030a80754b5bf6bc6b77f020da4dde5bf7cb542,train,What happens to the children's behaviour when given toys by Claus?,The children are less naughty,The behave better. ,What happens to the children s behaviour when given toys by Claus ?,The children are less naughty,The behave better .
d030a80754b5bf6bc6b77f020da4dde5bf7cb542,train,What are the reindeer's names that help Claus deliver toys?,Flossie and Glossie,Flossie and Glossie,What are the reindeer s names that help Claus deliver toys ?,Flossie and Glossie,Flossie and Glossie
d030a80754b5bf6bc6b77f020da4dde5bf7cb542,train,How does Claus enter the children's homes?,Going down the chimney,The Chimney,How does Claus enter the children s homes ?,Going down the chimney,The Chimney
d030a80754b5bf6bc6b77f020da4dde5bf7cb542,train,What do the Immortals grant Claus when Claus is close to death?,Immortality,Immortality,What do the Immortals grant Claus when Claus is close to death ?,Immortality,Immortality
d030a80754b5bf6bc6b77f020da4dde5bf7cb542,train,Who helps Claus go through the walls of the children's houses?,The Nymphs and Fairies,Nymphs and fairies,Who helps Claus go through the walls of the children s houses ?,The Nymphs and Fairies,Nymphs and fairies
d030a80754b5bf6bc6b77f020da4dde5bf7cb542,train,Why must Necile gain approval from the Master Woodsman?,It is against the law to spare the abandoned infant and raise it.,It is aginst the law for her to keep the baby.,Why must Necile gain approval from the Master Woodsman ?,It is against the law to spare the abandoned infant and raise it .,It is aginst the law for her to keep the baby .
d030a80754b5bf6bc6b77f020da4dde5bf7cb542,train,What does Necile want to do with the abandoned infant?,She wants to spare its life and raise it as her own.,Keep and raise him,What does Necile want to do with the abandoned infant ?,She wants to spare its life and raise it as her own .,Keep and raise him
d030a80754b5bf6bc6b77f020da4dde5bf7cb542,train,What do the Ryls give to Claus?,The Ryls give Claus paint so that he can color his toys.,paint,What do the Ryls give to Claus ?,The Ryls give Claus paint so that he can color his toys .,paint
d030a80754b5bf6bc6b77f020da4dde5bf7cb542,train,What do the Awgwas realize about the toys Claus is making?,The toys are making children less naughty.,They make the children less naughty. ,What do the Awgwas realize about the toys Claus is making ?,The toys are making children less naughty .,They make the children less naughty .
d030a80754b5bf6bc6b77f020da4dde5bf7cb542,train,Why do the immortals engage in battle with the Awgwas?,They engage in the battle so that Claus can continue to make toys for the children.,They didn't listen to the warning to leave Claus alone.,Why do the immortals engage in battle with the Awgwas ?,They engage in the battle so that Claus can continue to make toys for the children .,They did n't listen to the warning to leave Claus alone .
d030a80754b5bf6bc6b77f020da4dde5bf7cb542,train,Who are the Awgwas' allies?,"The Asiatic Dragons, the Giants of Tartary, the Black Demons of Patalonia, and Goozle-Goblins.","Giants, Goozle-Goblins, Asiatic Dragons, and Black Demons",Who are the Awgwas ' allies ?,"The Asiatic Dragons , the Giants of Tartary , the Black Demons of Patalonia , and Goozle-Goblins .","Giants , Goozle-Goblins , Asiatic Dragons , and Black Demons"
d030a80754b5bf6bc6b77f020da4dde5bf7cb542,train,What prevents the Angel of Death from taking Claus away?,The Immortals arrive to Claus's house and place the Mantle of Immortality on Claus preventing the Angel of Death from taking him.,The Immortals,What prevents the Angel of Death from taking Claus away ?,The Immortals arrive to Claus s house and place the Mantle of Immortality on Claus preventing the Angel of Death from taking him .,The Immortals
d030a80754b5bf6bc6b77f020da4dde5bf7cb542,train,How does Claus deliver presents to the houses without chimneys and houses that replace the fireplace?,The Nymphs and Faeries travel with Claus and travel through the walls.,go through walls,How does Claus deliver presents to the houses without chimneys and houses that replace the fireplace ?,The Nymphs and Faeries travel with Claus and travel through the walls .,go through walls
d030a80754b5bf6bc6b77f020da4dde5bf7cb542,train,How do the people make it easier for Claus to deliver presents?,"They make it easier for Claus by hanging a stocking on the mantle above the fireplace, and start using pine trees as Christmas Trees.",hanging stockings and putting up pine trees.,How do the people make it easier for Claus to deliver presents ?,"They make it easier for Claus by hanging a stocking on the mantle above the fireplace , and start using pine trees as Christmas Trees .",hanging stockings and putting up pine trees .
d97f8275d21db225fc1b796ca1e0d22447ce3937,train,What is the name of the town the story take place?,Troezen,Troezen,What is the name of the town the story take place ?,Troezen,Troezen
d97f8275d21db225fc1b796ca1e0d22447ce3937,train,Which king trained Hippolytus since childhood?,Pittheus,Pittheus,Which king trained Hippolytus since childhood ?,Pittheus,Pittheus
d97f8275d21db225fc1b796ca1e0d22447ce3937,train,"What did Aphrodite ""inspire"" Phaedra to do?",to fall in love with Hippolytus,fall in love with Hippolytus,What did Aphrodite inspire Phaedra to do ?,to fall in love with Hippolytus,fall in love with Hippolytus
d97f8275d21db225fc1b796ca1e0d22447ce3937,train,Who warns Hippolytus about upsetting Aphrodite?,a servant ,A servant,Who warns Hippolytus about upsetting Aphrodite ?,a servant,A servant
d97f8275d21db225fc1b796ca1e0d22447ce3937,train,What is a chorus made up of?,young married women,Young married women of Troezen,What is a chorus made up of ?,young married women,Young married women of Troezen
d97f8275d21db225fc1b796ca1e0d22447ce3937,train,What did the nurse tell Hippolytus to do for Phaedra after he promised not to tell anyone about it?,yield to Phaedra's desires,yeild to Phaedras desire,What did the nurse tell Hippolytus to do for Phaedra after he promised not to tell anyone about it ?,yield to Phaedra s desires,yeild to Phaedras desire
d97f8275d21db225fc1b796ca1e0d22447ce3937,train,What did the letter found on Phaedra's body reveal?,she was raped by Hippolytus,a false accusation of rape by Hippolytus,What did the letter found on Phaedra s body reveal ?,she was raped by Hippolytus,a false accusation of rape by Hippolytus
d97f8275d21db225fc1b796ca1e0d22447ce3937,train,What appeared at sea that frighted Hippolytus' horses that were pulling his chariot?,a bull,A bull,What appeared at sea that frighted Hippolytus ' horses that were pulling his chariot ?,a bull,A bull
d97f8275d21db225fc1b796ca1e0d22447ce3937,train,Who was angry that Theseus killed his son and confessed the truth about Hippolytus?,Artemis,Artemis,Who was angry that Theseus killed his son and confessed the truth about Hippolytus ?,Artemis,Artemis
d97f8275d21db225fc1b796ca1e0d22447ce3937,train,What happened between Hippolytus and Theseus just before Hippolytus died?,Hippolytus forgave his father,They exchange kind words and Hippolytus forgives his father.,What happened between Hippolytus and Theseus just before Hippolytus died ?,Hippolytus forgave his father,They exchange kind words and Hippolytus forgives his father .
d97f8275d21db225fc1b796ca1e0d22447ce3937,train,Where does this play take place?,Troezen.,In Peloponnese,Where does this play take place ?,Troezen .,In Peloponnese
d97f8275d21db225fc1b796ca1e0d22447ce3937,train,Why is Theseus in exile?,For murdering a king and his sons.,He murdered a local king and his sons.,Why is Theseus in exile ?,For murdering a king and his sons .,He murdered a local king and his sons .
d97f8275d21db225fc1b796ca1e0d22447ce3937,train,Who is the goddess of love?,Aphrodite.,Aphrodite,Who is the goddess of love ?,Aphrodite .,Aphrodite
d97f8275d21db225fc1b796ca1e0d22447ce3937,train,What has Hippolytus sworn?,Chastity.,not to tell Phaedra's secret love of him,What has Hippolytus sworn ?,Chastity .,not to tell Phaedra s secret love of him
d97f8275d21db225fc1b796ca1e0d22447ce3937,train,Why is Phaedra ill?,Because she loves Hippolytus.,She loves Hippolytus. ,Why is Phaedra ill ?,Because she loves Hippolytus .,She loves Hippolytus .
d97f8275d21db225fc1b796ca1e0d22447ce3937,train,How did Phaedra die?,She hung herself.,She starved herself. ,How did Phaedra die ?,She hung herself .,She starved herself .
d97f8275d21db225fc1b796ca1e0d22447ce3937,train,What did Theseus discover on Phaedras body?,A letter.,A note asserting Hippolytus raped her. ,What did Theseus discover on Phaedras body ?,A letter .,A note asserting Hippolytus raped her .
d97f8275d21db225fc1b796ca1e0d22447ce3937,train,What did Phaedras letter say?,That hippolytus raped her.,she was raped by Hippolytus,What did Phaedras letter say ?,That hippolytus raped her .,she was raped by Hippolytus
d97f8275d21db225fc1b796ca1e0d22447ce3937,train,What was Hippolytus's punishment?,Exile.,He is exiled. ,What was Hippolytus s punishment ?,Exile .,He is exiled .
d97f8275d21db225fc1b796ca1e0d22447ce3937,train,What did Artemis tell Theseus?,That Phaedra lied about the rape.,That Hippolytus is innocent.,What did Artemis tell Theseus ?,That Phaedra lied about the rape .,That Hippolytus is innocent .
d97f8275d21db225fc1b796ca1e0d22447ce3937,train,Troezen is a coastal town northeast of? ,Peloponnese,Peloponnese,Troezen is a coastal town northeast of ?,Peloponnese,Peloponnese
d97f8275d21db225fc1b796ca1e0d22447ce3937,train,Who is the king of Athens?,Theseus.,Theseus,Who is the king of Athens ?,Theseus .,Theseus
d97f8275d21db225fc1b796ca1e0d22447ce3937,train,Why is Theseus exiled? ,He murdered a local king and his sons.,For murdering a king and his sons.,Why is Theseus exiled ?,He murdered a local king and his sons .,For murdering a king and his sons .
d97f8275d21db225fc1b796ca1e0d22447ce3937,train,What truth does Artemis reveal to Theseus?,Phaedra lied.,That his son is innocent of rape and that Phaedra lied.,What truth does Artemis reveal to Theseus ?,Phaedra lied .,That his son is innocent of rape and that Phaedra lied .
d97f8275d21db225fc1b796ca1e0d22447ce3937,train,Why is Phaedra ill?,Because she is in love with Hippolytus.,Because she loves Hippolytus,Why is Phaedra ill ?,Because she is in love with Hippolytus .,Because she loves Hippolytus
d97f8275d21db225fc1b796ca1e0d22447ce3937,train,How does Phaedra die?,She hangs herself.,She hangs herself.,How does Phaedra die ?,She hangs herself .,She hangs herself .
d97f8275d21db225fc1b796ca1e0d22447ce3937,train,Who is Theseus's father?,Poseidon.,Poseidon,Who is Theseus s father ?,Poseidon .,Poseidon
d97f8275d21db225fc1b796ca1e0d22447ce3937,train,What does Phaedra claim in the letter Theseus finds on her body?,She was raped by Hippolytus.,She was raped by Hippolytus,What does Phaedra claim in the letter Theseus finds on her body ?,She was raped by Hippolytus .,She was raped by Hippolytus
d97f8275d21db225fc1b796ca1e0d22447ce3937,train,What does Hippolytus do before dying to make amends?,He forgives his father.,forgives his father,What does Hippolytus do before dying to make amends ?,He forgives his father .,forgives his father
d97f8275d21db225fc1b796ca1e0d22447ce3937,train,Who is the goddess of love?,Aphrodite.,Aphrodite,Who is the goddess of love ?,Aphrodite .,Aphrodite
